{
	"info": {
		"_postman_id": "86a53c1b-6873-480e-ae5c-312673364e21",
		"name": "dimeng",
		"schema": "https://schema.getpostman.com/json/collection/v2.1.0/collection.json",
		"_exporter_id": "16212773"
	},
	"item": [
		{
			"name": "用户注册",
			"request": {
				"method": "POST",
				"header": [],
				"body": {
					"mode": "formdata",
					"formdata": [
						{
							"key": "user_name",
							"value": "yuluo",
							"type": "text"
						},
						{
							"key": "password",
							"value": "123456789",
							"type": "text"
						}
					]
				},
				"url": {
					"raw": "http://localhost:3000/api/v1/user/register",
					"protocol": "http",
					"host": [
						"localhost"
					],
					"port": "3000",
					"path": [
						"api",
						"v1",
						"user",
						"register"
					]
				}
			},
			"response": []
		},
		{
			"name": "测试请求",
			"request": {
				"method": "GET",
				"header": []
			},
			"response": []
		},
		{
			"name": "用户登陆",
			"request": {
				"method": "GET",
				"header": []
			},
			"response": []
		},
		{
			"name": "获取所有用户信息",
			"request": {
				"method": "GET",
				"header": []
			},
			"response": []
		},
		{
			"name": "留言",
			"request": {
				"method": "GET",
				"header": []
			},
			"response": []
		},
		{
			"name": "获取留言信息",
			"request": {
				"method": "GET",
				"header": []
			},
			"response": []
		},
		{
			"name": "删除留言信息",
			"request": {
				"method": "GET",
				"header": []
			},
			"response": []
		},
		{
			"name": "分页查询留言信息",
			"request": {
				"method": "GET",
				"header": []
			},
			"response": []
		}
	]
}